file_id,table_id,sequence_number,line_number,start_position,total_cells_in_table,total_cells_in_sequence,table_title,subject_area,heriarchy,row_number
ACSSF,B12001,37, ,7,19 CELLS, ,SEX BY MARITAL STATUS FOR THE POPULATION 15 YEARS AND OVER,Marital Status,1,1
ACSSF,B12001,37, , ,, ,Universe:  Population 15 years and over,,2,2
ACSSF,B12001,37,1, ,, ,Total:,,3,3
ACSSF,B12001,37,2, ,, ,Male:,,4,4
ACSSF,B12001,37,3, ,, ,Never married,,5,5
ACSSF,B12001,37,4, ,, ,Now married:,,5,6
ACSSF,B12001,37,5, ,, ,"Married, spouse present",,6,7
ACSSF,B12001,37,6, ,, ,"Married, spouse absent:",,6,8
ACSSF,B12001,37,7, ,, ,Separated,,5,9
ACSSF,B12001,37,8, ,, ,Other,,5,10
ACSSF,B12001,37,9, ,, ,Widowed,,5,11
ACSSF,B12001,37,10, ,, ,Divorced,,5,12
ACSSF,B12001,37,11, ,, ,Female:,,4,13
ACSSF,B12001,37,12, ,, ,Never married,,5,14
ACSSF,B12001,37,13, ,, ,Now married:,,5,15
ACSSF,B12001,37,14, ,, ,"Married, spouse present",,6,16
ACSSF,B12001,37,15, ,, ,"Married, spouse absent:",,6,17
ACSSF,B12001,37,16, ,, ,Separated,,5,18
ACSSF,B12001,37,17, ,, ,Other,,5,19
ACSSF,B12001,37,18, ,, ,Widowed,,5,20
ACSSF,B12001,37,19, ,, ,Divorced,,5,21
ACSSF,B12002,37, ,26,187 CELLS, ,SEX BY MARITAL STATUS BY AGE FOR THE POPULATION 15 YEARS AND OVER,Marital Status,1,22
ACSSF,B12002,37, , ,, ,Universe:  Population 15 years and over,,2,23
ACSSF,B12002,37,1, ,, ,Total:,,3,24
ACSSF,B12002,37,2, ,, ,Male:,,4,25
ACSSF,B12002,37,3, ,, ,Never married:,,5,26
ACSSF,B12002,37,4, ,, ,15 to 17 years,,6,27
ACSSF,B12002,37,5, ,, ,18 and 19 years,,6,28
ACSSF,B12002,37,6, ,, ,20 to 24 years,,6,29
ACSSF,B12002,37,7, ,, ,25 to 29 years,,6,30
ACSSF,B12002,37,8, ,, ,30 to 34 years,,6,31
ACSSF,B12002,37,9, ,, ,35 to 39 years,,6,32
ACSSF,B12002,37,10, ,, ,40 to 44 years,,6,33
ACSSF,B12002,37,11, ,, ,45 to 49 years,,6,34
ACSSF,B12002,37,12, ,, ,50 to 54 years,,6,35
ACSSF,B12002,37,13, ,, ,55 to 59 years,,6,36
ACSSF,B12002,37,14, ,, ,60 to 64 years,,6,37
ACSSF,B12002,37,15, ,, ,65 to 74 years,,6,38
ACSSF,B12002,37,16, ,, ,75 to 84 years,,6,39
ACSSF,B12002,37,17, ,, ,85 years and over,,6,40
ACSSF,B12002,37,18, ,, ,Now married:,,5,41
ACSSF,B12002,37,19, ,, ,"Married, spouse present:",,6,42
ACSSF,B12002,37,20, ,, ,15 to 17 years,,7,43
ACSSF,B12002,37,21, ,, ,18 and 19 years,,7,44
ACSSF,B12002,37,22, ,, ,20 to 24 years,,7,45
ACSSF,B12002,37,23, ,, ,25 to 29 years,,7,46
ACSSF,B12002,37,24, ,, ,30 to 34 years,,7,47
ACSSF,B12002,37,25, ,, ,35 to 39 years,,7,48
ACSSF,B12002,37,26, ,, ,40 to 44 years,,7,49
ACSSF,B12002,37,27, ,, ,45 to 49 years,,7,50
ACSSF,B12002,37,28, ,, ,50 to 54 years,,7,51
ACSSF,B12002,37,29, ,, ,55 to 59 years,,7,52
ACSSF,B12002,37,30, ,, ,60 to 64 years,,7,53
ACSSF,B12002,37,31, ,, ,65 to 74 years,,7,54
ACSSF,B12002,37,32, ,, ,75 to 84 years,,7,55
ACSSF,B12002,37,33, ,, ,85 years and over,,7,56
ACSSF,B12002,37,34, ,, ,"Married, spouse absent:",,6,57
ACSSF,B12002,37,35, ,, ,Separated:,,5,58
ACSSF,B12002,37,36, ,, ,15 to 17 years,,6,59
ACSSF,B12002,37,37, ,, ,18 and 19 years,,6,60
ACSSF,B12002,37,38, ,, ,20 to 24 years,,6,61
ACSSF,B12002,37,39, ,, ,25 to 29 years,,6,62
ACSSF,B12002,37,40, ,, ,30 to 34 years,,6,63
ACSSF,B12002,37,41, ,, ,35 to 39 years,,6,64
ACSSF,B12002,37,42, ,, ,40 to 44 years,,6,65
ACSSF,B12002,37,43, ,, ,45 to 49 years,,6,66
ACSSF,B12002,37,44, ,, ,50 to 54 years,,6,67
ACSSF,B12002,37,45, ,, ,55 to 59 years,,6,68
ACSSF,B12002,37,46, ,, ,60 to 64 years,,6,69
ACSSF,B12002,37,47, ,, ,65 to 74 years,,6,70
ACSSF,B12002,37,48, ,, ,75 to 84 years,,6,71
ACSSF,B12002,37,49, ,, ,85 years and over,,6,72
ACSSF,B12002,37,50, ,, ,Other:,,5,73
ACSSF,B12002,37,51, ,, ,15 to 17 years,,6,74
ACSSF,B12002,37,52, ,, ,18 and 19 years,,6,75
ACSSF,B12002,37,53, ,, ,20 to 24 years,,6,76
ACSSF,B12002,37,54, ,, ,25 to 29 years,,6,77
ACSSF,B12002,37,55, ,, ,30 to 34 years,,6,78
ACSSF,B12002,37,56, ,, ,35 to 39 years,,6,79
ACSSF,B12002,37,57, ,, ,40 to 44 years,,6,80
ACSSF,B12002,37,58, ,, ,45 to 49 years,,6,81
ACSSF,B12002,37,59, ,, ,50 to 54 years,,6,82
ACSSF,B12002,37,60, ,, ,55 to 59 years,,6,83
ACSSF,B12002,37,61, ,, ,60 to 64 years,,6,84
ACSSF,B12002,37,62, ,, ,65 to 74 years,,6,85
ACSSF,B12002,37,63, ,, ,75 to 84 years,,6,86
ACSSF,B12002,37,64, ,, ,85 years and over,,6,87
ACSSF,B12002,37,65, ,, ,Widowed:,,5,88
ACSSF,B12002,37,66, ,, ,15 to 17 years,,6,89
ACSSF,B12002,37,67, ,, ,18 and 19 years,,6,90
ACSSF,B12002,37,68, ,, ,20 to 24 years,,6,91
ACSSF,B12002,37,69, ,, ,25 to 29 years,,6,92
ACSSF,B12002,37,70, ,, ,30 to 34 years,,6,93
ACSSF,B12002,37,71, ,, ,35 to 39 years,,6,94
ACSSF,B12002,37,72, ,, ,40 to 44 years,,6,95
ACSSF,B12002,37,73, ,, ,45 to 49 years,,6,96
ACSSF,B12002,37,74, ,, ,50 to 54 years,,6,97
ACSSF,B12002,37,75, ,, ,55 to 59 years,,6,98
ACSSF,B12002,37,76, ,, ,60 to 64 years,,6,99
ACSSF,B12002,37,77, ,, ,65 to 74 years,,6,100
ACSSF,B12002,37,78, ,, ,75 to 84 years,,6,101
ACSSF,B12002,37,79, ,, ,85 years and over,,6,102
ACSSF,B12002,37,80, ,, ,Divorced:,,5,103
ACSSF,B12002,37,81, ,, ,15 to 17 years,,6,104
ACSSF,B12002,37,82, ,, ,18 and 19 years,,6,105
ACSSF,B12002,37,83, ,, ,20 to 24 years,,6,106
ACSSF,B12002,37,84, ,, ,25 to 29 years,,6,107
ACSSF,B12002,37,85, ,, ,30 to 34 years,,6,108
ACSSF,B12002,37,86, ,, ,35 to 39 years,,6,109
ACSSF,B12002,37,87, ,, ,40 to 44 years,,6,110
ACSSF,B12002,37,88, ,, ,45 to 49 years,,6,111
ACSSF,B12002,37,89, ,, ,50 to 54 years,,6,112
ACSSF,B12002,37,90, ,, ,55 to 59 years,,6,113
ACSSF,B12002,37,91, ,, ,60 to 64 years,,6,114
ACSSF,B12002,37,92, ,, ,65 to 74 years,,6,115
ACSSF,B12002,37,93, ,, ,75 to 84 years,,6,116
ACSSF,B12002,37,94, ,, ,85 years and over,,6,117
ACSSF,B12002,37,95, ,, ,Female:,,4,118
ACSSF,B12002,37,96, ,, ,Never married:,,5,119
ACSSF,B12002,37,97, ,, ,15 to 17 years,,6,120
ACSSF,B12002,37,98, ,, ,18 and 19 years,,6,121
ACSSF,B12002,37,99, ,, ,20 to 24 years,,6,122
ACSSF,B12002,37,100, ,, ,25 to 29 years,,6,123
ACSSF,B12002,37,101, ,, ,30 to 34 years,,6,124
ACSSF,B12002,37,102, ,, ,35 to 39 years,,6,125
ACSSF,B12002,37,103, ,, ,40 to 44 years,,6,126
ACSSF,B12002,37,104, ,, ,45 to 49 years,,6,127
ACSSF,B12002,37,105, ,, ,50 to 54 years,,6,128
ACSSF,B12002,37,106, ,, ,55 to 59 years,,6,129
ACSSF,B12002,37,107, ,, ,60 to 64 years,,6,130
ACSSF,B12002,37,108, ,, ,65 to 74 years,,6,131
ACSSF,B12002,37,109, ,, ,75 to 84 years,,6,132
ACSSF,B12002,37,110, ,, ,85 years and over,,6,133
ACSSF,B12002,37,111, ,, ,Now married:,,5,134
ACSSF,B12002,37,112, ,, ,"Married, spouse present:",,6,135
ACSSF,B12002,37,113, ,, ,15 to 17 years,,7,136
ACSSF,B12002,37,114, ,, ,18 and 19 years,,7,137
ACSSF,B12002,37,115, ,, ,20 to 24 years,,7,138
ACSSF,B12002,37,116, ,, ,25 to 29 years,,7,139
ACSSF,B12002,37,117, ,, ,30 to 34 years,,7,140
ACSSF,B12002,37,118, ,, ,35 to 39 years,,7,141
ACSSF,B12002,37,119, ,, ,40 to 44 years,,7,142
ACSSF,B12002,37,120, ,, ,45 to 49 years,,7,143
ACSSF,B12002,37,121, ,, ,50 to 54 years,,7,144
ACSSF,B12002,37,122, ,, ,55 to 59 years,,7,145
ACSSF,B12002,37,123, ,, ,60 to 64 years,,7,146
ACSSF,B12002,37,124, ,, ,65 to 74 years,,7,147
ACSSF,B12002,37,125, ,, ,75 to 84 years,,7,148
ACSSF,B12002,37,126, ,, ,85 years and over,,7,149
ACSSF,B12002,37,127, ,, ,"Married, spouse absent:",,6,150
ACSSF,B12002,37,128, ,, ,Separated:,,5,151
ACSSF,B12002,37,129, ,, ,15 to 17 years,,6,152
ACSSF,B12002,37,130, ,, ,18 and 19 years,,6,153
ACSSF,B12002,37,131, ,, ,20 to 24 years,,6,154
ACSSF,B12002,37,132, ,, ,25 to 29 years,,6,155
ACSSF,B12002,37,133, ,, ,30 to 34 years,,6,156
ACSSF,B12002,37,134, ,, ,35 to 39 years,,6,157
ACSSF,B12002,37,135, ,, ,40 to 44 years,,6,158
ACSSF,B12002,37,136, ,, ,45 to 49 years,,6,159
ACSSF,B12002,37,137, ,, ,50 to 54 years,,6,160
ACSSF,B12002,37,138, ,, ,55 to 59 years,,6,161
ACSSF,B12002,37,139, ,, ,60 to 64 years,,6,162
ACSSF,B12002,37,140, ,, ,65 to 74 years,,6,163
ACSSF,B12002,37,141, ,, ,75 to 84 years,,6,164
ACSSF,B12002,37,142, ,, ,85 years and over,,6,165
ACSSF,B12002,37,143, ,, ,Other:,,5,166
ACSSF,B12002,37,144, ,, ,15 to 17 years,,6,167
ACSSF,B12002,37,145, ,, ,18 and 19 years,,6,168
ACSSF,B12002,37,146, ,, ,20 to 24 years,,6,169
ACSSF,B12002,37,147, ,, ,25 to 29 years,,6,170
ACSSF,B12002,37,148, ,, ,30 to 34 years,,6,171
ACSSF,B12002,37,149, ,, ,35 to 39 years,,6,172
ACSSF,B12002,37,150, ,, ,40 to 44 years,,6,173
ACSSF,B12002,37,151, ,, ,45 to 49 years,,6,174
ACSSF,B12002,37,152, ,, ,50 to 54 years,,6,175
ACSSF,B12002,37,153, ,, ,55 to 59 years,,6,176
ACSSF,B12002,37,154, ,, ,60 to 64 years,,6,177
ACSSF,B12002,37,155, ,, ,65 to 74 years,,6,178
ACSSF,B12002,37,156, ,, ,75 to 84 years,,6,179
ACSSF,B12002,37,157, ,, ,85 years and over,,6,180
ACSSF,B12002,37,158, ,, ,Widowed:,,5,181
ACSSF,B12002,37,159, ,, ,15 to 17 years,,6,182
ACSSF,B12002,37,160, ,, ,18 and 19 years,,6,183
ACSSF,B12002,37,161, ,, ,20 to 24 years,,6,184
ACSSF,B12002,37,162, ,, ,25 to 29 years,,6,185
ACSSF,B12002,37,163, ,, ,30 to 34 years,,6,186
ACSSF,B12002,37,164, ,, ,35 to 39 years,,6,187
ACSSF,B12002,37,165, ,, ,40 to 44 years,,6,188
ACSSF,B12002,37,166, ,, ,45 to 49 years,,6,189
ACSSF,B12002,37,167, ,, ,50 to 54 years,,6,190
ACSSF,B12002,37,168, ,, ,55 to 59 years,,6,191
ACSSF,B12002,37,169, ,, ,60 to 64 years,,6,192
ACSSF,B12002,37,170, ,, ,65 to 74 years,,6,193
ACSSF,B12002,37,171, ,, ,75 to 84 years,,6,194
ACSSF,B12002,37,172, ,, ,85 years and over,,6,195
ACSSF,B12002,37,173, ,, ,Divorced:,,5,196
ACSSF,B12002,37,174, ,, ,15 to 17 years,,6,197
ACSSF,B12002,37,175, ,, ,18 and 19 years,,6,198
ACSSF,B12002,37,176, ,, ,20 to 24 years,,6,199
ACSSF,B12002,37,177, ,, ,25 to 29 years,,6,200
ACSSF,B12002,37,178, ,, ,30 to 34 years,,6,201
ACSSF,B12002,37,179, ,, ,35 to 39 years,,6,202
ACSSF,B12002,37,180, ,, ,40 to 44 years,,6,203
ACSSF,B12002,37,181, ,, ,45 to 49 years,,6,204
ACSSF,B12002,37,182, ,, ,50 to 54 years,,6,205
ACSSF,B12002,37,183, ,, ,55 to 59 years,,6,206
ACSSF,B12002,37,184, ,, ,60 to 64 years,,6,207
ACSSF,B12002,37,185, ,, ,65 to 74 years,,6,208
ACSSF,B12002,37,186, ,, ,75 to 84 years,,6,209
ACSSF,B12002,37,187, ,, ,85 years and over,,6,210
ACSSF,B12002A,37, ,213,13 CELLS, ,SEX BY MARITAL STATUS FOR THE POPULATION 15 YEARS AND OVER (WHITE ALONE),Marital Status,1,211
ACSSF,B12002A,37, , ,, ,Universe:  White alone population 15 years and over,,2,212
ACSSF,B12002A,37,1, ,, ,Total:,,3,213
ACSSF,B12002A,37,2, ,, ,Male:,,4,214
ACSSF,B12002A,37,3, ,, ,Never married,,5,215
ACSSF,B12002A,37,4, ,, ,Now married (except separated),,5,216
ACSSF,B12002A,37,5, ,, ,Separated,,5,217
ACSSF,B12002A,37,6, ,, ,Widowed,,5,218
ACSSF,B12002A,37,7, ,, ,Divorced,,5,219
ACSSF,B12002A,37,8, ,, ,Female:,,4,220
ACSSF,B12002A,37,9, ,, ,Never married,,5,221
ACSSF,B12002A,37,10, ,, ,Now married (except separated),,5,222
ACSSF,B12002A,37,11, ,, ,Separated,,5,223
ACSSF,B12002A,37,12, ,, ,Widowed,,5,224
ACSSF,B12002A,37,13, ,, ,Divorced,,5,225
ACSSF,B12002B,37, ,226,13 CELLS, ,SEX BY MARITAL STATUS FOR THE POPULATION 15 YEARS AND OVER (BLACK OR AFRICAN AMERICAN ALONE),Marital Status,1,226
ACSSF,B12002B,37, , ,, ,Universe:  Black or African American alone population 15 years and over,,2,227
ACSSF,B12002B,37,1, ,, ,Total:,,3,228
ACSSF,B12002B,37,2, ,, ,Male:,,4,229
ACSSF,B12002B,37,3, ,, ,Never married,,5,230
ACSSF,B12002B,37,4, ,, ,Now married (except separated),,5,231
ACSSF,B12002B,37,5, ,, ,Separated,,5,232
ACSSF,B12002B,37,6, ,, ,Widowed,,5,233
ACSSF,B12002B,37,7, ,, ,Divorced,,5,234
ACSSF,B12002B,37,8, ,, ,Female:,,4,235
ACSSF,B12002B,37,9, ,, ,Never married,,5,236
ACSSF,B12002B,37,10, ,, ,Now married (except separated),,5,237
ACSSF,B12002B,37,11, ,, ,Separated,,5,238
ACSSF,B12002B,37,12, ,, ,Widowed,,5,239
ACSSF,B12002B,37,13, ,, ,Divorced,,5,240
ACSSF,B12002C,37, ,239,13 CELLS,245,SEX BY MARITAL STATUS FOR THE POPULATION 15 YEARS AND OVER (AMERICAN INDIAN AND ALASKA NATIVE ALONE),Marital Status,1,241
ACSSF,B12002C,37, , ,, ,Universe:  American Indian and Alaska Native alone population 15 years and over,,2,242
ACSSF,B12002C,37,1, ,, ,Total:,,3,243
ACSSF,B12002C,37,2, ,, ,Male:,,4,244
ACSSF,B12002C,37,3, ,, ,Never married,,5,245
ACSSF,B12002C,37,4, ,, ,Now married (except separated),,5,246
ACSSF,B12002C,37,5, ,, ,Separated,,5,247
ACSSF,B12002C,37,6, ,, ,Widowed,,5,248
ACSSF,B12002C,37,7, ,, ,Divorced,,5,249
ACSSF,B12002C,37,8, ,, ,Female:,,4,250
ACSSF,B12002C,37,9, ,, ,Never married,,5,251
ACSSF,B12002C,37,10, ,, ,Now married (except separated),,5,252
ACSSF,B12002C,37,11, ,, ,Separated,,5,253
ACSSF,B12002C,37,12, ,, ,Widowed,,5,254
ACSSF,B12002C,37,13, ,, ,Divorced,,5,255
ACSSF,B12002D,38, ,7,13 CELLS, ,SEX BY MARITAL STATUS FOR THE POPULATION 15 YEARS AND OVER (ASIAN ALONE),Marital Status,1,256
ACSSF,B12002D,38, , ,, ,Universe:  Asian alone population 15 years and over,,2,257
ACSSF,B12002D,38,1, ,, ,Total:,,3,258
ACSSF,B12002D,38,2, ,, ,Male:,,4,259
ACSSF,B12002D,38,3, ,, ,Never married,,5,260
ACSSF,B12002D,38,4, ,, ,Now married (except separated),,5,261
ACSSF,B12002D,38,5, ,, ,Separated,,5,262
ACSSF,B12002D,38,6, ,, ,Widowed,,5,263
ACSSF,B12002D,38,7, ,, ,Divorced,,5,264
ACSSF,B12002D,38,8, ,, ,Female:,,4,265
ACSSF,B12002D,38,9, ,, ,Never married,,5,266
ACSSF,B12002D,38,10, ,, ,Now married (except separated),,5,267
ACSSF,B12002D,38,11, ,, ,Separated,,5,268
ACSSF,B12002D,38,12, ,, ,Widowed,,5,269
ACSSF,B12002D,38,13, ,, ,Divorced,,5,270
ACSSF,B12002E,38, ,20,13 CELLS, ,SEX BY MARITAL STATUS FOR THE POPULATION 15 YEARS AND OVER (NATIVE HAWAIIAN AND OTHER PACIFIC ISLANDER ALONE),Marital Status,1,271
ACSSF,B12002E,38, , ,, ,Universe:  Native Hawaiian and Other Pacific Islander alone population 15 years and over,,2,272
ACSSF,B12002E,38,1, ,, ,Total:,,3,273
ACSSF,B12002E,38,2, ,, ,Male:,,4,274
ACSSF,B12002E,38,3, ,, ,Never married,,5,275
ACSSF,B12002E,38,4, ,, ,Now married (except separated),,5,276
ACSSF,B12002E,38,5, ,, ,Separated,,5,277
ACSSF,B12002E,38,6, ,, ,Widowed,,5,278
ACSSF,B12002E,38,7, ,, ,Divorced,,5,279
ACSSF,B12002E,38,8, ,, ,Female:,,4,280
ACSSF,B12002E,38,9, ,, ,Never married,,5,281
ACSSF,B12002E,38,10, ,, ,Now married (except separated),,5,282
ACSSF,B12002E,38,11, ,, ,Separated,,5,283
ACSSF,B12002E,38,12, ,, ,Widowed,,5,284
ACSSF,B12002E,38,13, ,, ,Divorced,,5,285
ACSSF,B12002F,38, ,33,13 CELLS, ,SEX BY MARITAL STATUS FOR THE POPULATION 15 YEARS AND OVER (SOME OTHER RACE ALONE),Marital Status,1,286
ACSSF,B12002F,38, , ,, ,Universe:  Some other race alone population 15 years and over,,2,287
ACSSF,B12002F,38,1, ,, ,Total:,,3,288
ACSSF,B12002F,38,2, ,, ,Male:,,4,289
ACSSF,B12002F,38,3, ,, ,Never married,,5,290
ACSSF,B12002F,38,4, ,, ,Now married (except separated),,5,291
ACSSF,B12002F,38,5, ,, ,Separated,,5,292
ACSSF,B12002F,38,6, ,, ,Widowed,,5,293
ACSSF,B12002F,38,7, ,, ,Divorced,,5,294
ACSSF,B12002F,38,8, ,, ,Female:,,4,295
ACSSF,B12002F,38,9, ,, ,Never married,,5,296
ACSSF,B12002F,38,10, ,, ,Now married (except separated),,5,297
ACSSF,B12002F,38,11, ,, ,Separated,,5,298
ACSSF,B12002F,38,12, ,, ,Widowed,,5,299
ACSSF,B12002F,38,13, ,, ,Divorced,,5,300
ACSSF,B12002G,38, ,46,13 CELLS, ,SEX BY MARITAL STATUS FOR THE POPULATION 15 YEARS AND OVER (TWO OR MORE RACES),Marital Status,1,301
ACSSF,B12002G,38, , ,, ,Universe:  Two or more races population 15 years and over,,2,302
ACSSF,B12002G,38,1, ,, ,Total:,,3,303
ACSSF,B12002G,38,2, ,, ,Male:,,4,304
ACSSF,B12002G,38,3, ,, ,Never married,,5,305
ACSSF,B12002G,38,4, ,, ,Now married (except separated),,5,306
ACSSF,B12002G,38,5, ,, ,Separated,,5,307
ACSSF,B12002G,38,6, ,, ,Widowed,,5,308
ACSSF,B12002G,38,7, ,, ,Divorced,,5,309
ACSSF,B12002G,38,8, ,, ,Female:,,4,310
ACSSF,B12002G,38,9, ,, ,Never married,,5,311
ACSSF,B12002G,38,10, ,, ,Now married (except separated),,5,312
ACSSF,B12002G,38,11, ,, ,Separated,,5,313
ACSSF,B12002G,38,12, ,, ,Widowed,,5,314
ACSSF,B12002G,38,13, ,, ,Divorced,,5,315
ACSSF,B12002H,38, ,59,13 CELLS, ,"SEX BY MARITAL STATUS FOR THE POPULATION 15 YEARS AND OVER (WHITE ALONE, NOT HISPANIC OR LATINO)",Marital Status,1,316
ACSSF,B12002H,38, , ,, ,"Universe:  White alone, not Hispanic or Latino population 15 years and over",,2,317
ACSSF,B12002H,38,1, ,, ,Total:,,3,318
ACSSF,B12002H,38,2, ,, ,Male:,,4,319
ACSSF,B12002H,38,3, ,, ,Never married,,5,320
ACSSF,B12002H,38,4, ,, ,Now married (except separated),,5,321
ACSSF,B12002H,38,5, ,, ,Separated,,5,322
ACSSF,B12002H,38,6, ,, ,Widowed,,5,323
ACSSF,B12002H,38,7, ,, ,Divorced,,5,324
ACSSF,B12002H,38,8, ,, ,Female:,,4,325
ACSSF,B12002H,38,9, ,, ,Never married,,5,326
ACSSF,B12002H,38,10, ,, ,Now married (except separated),,5,327
ACSSF,B12002H,38,11, ,, ,Separated,,5,328
ACSSF,B12002H,38,12, ,, ,Widowed,,5,329
ACSSF,B12002H,38,13, ,, ,Divorced,,5,330
ACSSF,B12002I,38, ,72,13 CELLS, ,SEX BY MARITAL STATUS FOR THE POPULATION 15 YEARS AND OVER (HISPANIC OR LATINO),Marital Status,1,331
ACSSF,B12002I,38, , ,, ,Universe:  Hispanic or Latino population 15 years and over,,2,332
ACSSF,B12002I,38,1, ,, ,Total:,,3,333
ACSSF,B12002I,38,2, ,, ,Male:,,4,334
ACSSF,B12002I,38,3, ,, ,Never married,,5,335
ACSSF,B12002I,38,4, ,, ,Now married (except separated),,5,336
ACSSF,B12002I,38,5, ,, ,Separated,,5,337
ACSSF,B12002I,38,6, ,, ,Widowed,,5,338
ACSSF,B12002I,38,7, ,, ,Divorced,,5,339
ACSSF,B12002I,38,8, ,, ,Female:,,4,340
ACSSF,B12002I,38,9, ,, ,Never married,,5,341
ACSSF,B12002I,38,10, ,, ,Now married (except separated),,5,342
ACSSF,B12002I,38,11, ,, ,Separated,,5,343
ACSSF,B12002I,38,12, ,, ,Widowed,,5,344
ACSSF,B12002I,38,13, ,, ,Divorced,,5,345
ACSSF,B12005,38, ,85,16 CELLS, ,MARITAL STATUS BY NATIVITY,Marital Status,1,346
ACSSF,B12005,38, , ,, ,Universe:  Population 15 years and over,,2,347
ACSSF,B12005,38,1, ,, ,Total:,,3,348
ACSSF,B12005,38,2, ,, ,Never married:,,4,349
ACSSF,B12005,38,3, ,, ,Native,,5,350
ACSSF,B12005,38,4, ,, ,Foreign born,,5,351
ACSSF,B12005,38,5, ,, ,Now married (except separated):,,4,352
ACSSF,B12005,38,6, ,, ,Native,,5,353
ACSSF,B12005,38,7, ,, ,Foreign born,,5,354
ACSSF,B12005,38,8, ,, ,Separated:,,4,355
ACSSF,B12005,38,9, ,, ,Native,,5,356
ACSSF,B12005,38,10, ,, ,Foreign born,,5,357
ACSSF,B12005,38,11, ,, ,Widowed:,,4,358
ACSSF,B12005,38,12, ,, ,Native,,5,359
ACSSF,B12005,38,13, ,, ,Foreign born,,5,360
ACSSF,B12005,38,14, ,, ,Divorced:,,4,361
ACSSF,B12005,38,15, ,, ,Native,,5,362
ACSSF,B12005,38,16, ,, ,Foreign born,,5,363
ACSSF,B12006,38, ,101,56 CELLS, ,MARITAL STATUS BY SEX BY LABOR FORCE PARTICIPATION,Marital Status,1,364
ACSSF,B12006,38, , ,, ,Universe:  Population 16 years and over,,2,365
ACSSF,B12006,38,1, ,, ,Total:,,3,366
ACSSF,B12006,38,2, ,, ,Never married:,,4,367
ACSSF,B12006,38,3, ,, ,Male:,,5,368
ACSSF,B12006,38,4, ,, ,In labor force:,,6,369
ACSSF,B12006,38,5, ,, ,Employed or in Armed Forces,,7,370
ACSSF,B12006,38,6, ,, ,Unemployed,,7,371
ACSSF,B12006,38,7, ,, ,Not in labor force,,6,372
ACSSF,B12006,38,8, ,, ,Female:,,5,373
ACSSF,B12006,38,9, ,, ,In labor force:,,6,374
ACSSF,B12006,38,10, ,, ,Employed or in Armed Forces,,7,375
ACSSF,B12006,38,11, ,, ,Unemployed,,7,376
ACSSF,B12006,38,12, ,, ,Not in labor force,,6,377
ACSSF,B12006,38,13, ,, ,Now married (except separated):,,4,378
ACSSF,B12006,38,14, ,, ,Male:,,5,379
ACSSF,B12006,38,15, ,, ,In labor force:,,6,380
ACSSF,B12006,38,16, ,, ,Employed or in Armed Forces,,7,381
ACSSF,B12006,38,17, ,, ,Unemployed,,7,382
ACSSF,B12006,38,18, ,, ,Not in labor force,,6,383
ACSSF,B12006,38,19, ,, ,Female:,,5,384
ACSSF,B12006,38,20, ,, ,In labor force:,,6,385
ACSSF,B12006,38,21, ,, ,Employed or in Armed Forces,,7,386
ACSSF,B12006,38,22, ,, ,Unemployed,,7,387
ACSSF,B12006,38,23, ,, ,Not in labor force,,6,388
ACSSF,B12006,38,24, ,, ,Separated:,,4,389
ACSSF,B12006,38,25, ,, ,Male:,,5,390
ACSSF,B12006,38,26, ,, ,In labor force:,,6,391
ACSSF,B12006,38,27, ,, ,Employed or in Armed Forces,,7,392
ACSSF,B12006,38,28, ,, ,Unemployed,,7,393
ACSSF,B12006,38,29, ,, ,Not in labor force,,6,394
ACSSF,B12006,38,30, ,, ,Female:,,5,395
ACSSF,B12006,38,31, ,, ,In labor force:,,6,396
ACSSF,B12006,38,32, ,, ,Employed or in Armed Forces,,7,397
ACSSF,B12006,38,33, ,, ,Unemployed,,7,398
ACSSF,B12006,38,34, ,, ,Not in labor force,,6,399
ACSSF,B12006,38,35, ,, ,Widowed:,,4,400
ACSSF,B12006,38,36, ,, ,Male:,,5,401
ACSSF,B12006,38,37, ,, ,In labor force:,,6,402
ACSSF,B12006,38,38, ,, ,Employed or in Armed Forces,,7,403
ACSSF,B12006,38,39, ,, ,Unemployed,,7,404
ACSSF,B12006,38,40, ,, ,Not in labor force,,6,405
ACSSF,B12006,38,41, ,, ,Female:,,5,406
ACSSF,B12006,38,42, ,, ,In labor force:,,6,407
ACSSF,B12006,38,43, ,, ,Employed or in Armed Forces,,7,408
ACSSF,B12006,38,44, ,, ,Unemployed,,7,409
ACSSF,B12006,38,45, ,, ,Not in labor force,,6,410
ACSSF,B12006,38,46, ,, ,Divorced:,,4,411
ACSSF,B12006,38,47, ,, ,Male:,,5,412
ACSSF,B12006,38,48, ,, ,In labor force:,,6,413
ACSSF,B12006,38,49, ,, ,Employed or in Armed Forces,,7,414
ACSSF,B12006,38,50, ,, ,Unemployed,,7,415
ACSSF,B12006,38,51, ,, ,Not in labor force,,6,416
ACSSF,B12006,38,52, ,, ,Female:,,5,417
ACSSF,B12006,38,53, ,, ,In labor force:,,6,418
ACSSF,B12006,38,54, ,, ,Employed or in Armed Forces,,7,419
ACSSF,B12006,38,55, ,, ,Unemployed,,7,420
ACSSF,B12006,38,56, ,, ,Not in labor force,,6,421
ACSSF,B12007,38, ,157,2 CELLS, ,MEDIAN AGE AT FIRST MARRIAGE,Marital Status,1,422
ACSSF,B12007,38, , ,, ,Universe:  Population 15 to 54 years,,2,423
ACSSF,B12007,38,0.5, ,, ,Median age at first marriage --,,3,424
ACSSF,B12007,38,1, ,, ,Male,,4,425
ACSSF,B12007,38,2, ,, ,Female,,4,426
ACSSF,B12007A,38, ,159,2 CELLS, ,MEDIAN AGE AT FIRST MARRIAGE (WHITE ALONE),Marital Status,1,427
ACSSF,B12007A,38, , ,, ,Universe:  White alone population 15 to 54 years,,2,428
ACSSF,B12007A,38,0.5, ,, ,Median age at first marriage --,,3,429
ACSSF,B12007A,38,1, ,, ,Male,,4,430
ACSSF,B12007A,38,2, ,, ,Female,,4,431
ACSSF,B12007B,38, ,161,2 CELLS, ,MEDIAN AGE AT FIRST MARRIAGE (BLACK OR AFRICAN AMERICAN ALONE),Marital Status,1,432
ACSSF,B12007B,38, , ,, ,Universe:  Black or African American alone population 15 to 54 years,,2,433
ACSSF,B12007B,38,0.5, ,, ,Median age at first marriage --,,3,434
ACSSF,B12007B,38,1, ,, ,Male,,4,435
ACSSF,B12007B,38,2, ,, ,Female,,4,436
ACSSF,B12007C,38, ,163,2 CELLS, ,MEDIAN AGE AT FIRST MARRIAGE (AMERICAN INDIAN AND ALASKA NATIVE ALONE),Marital Status,1,437
ACSSF,B12007C,38, , ,, ,Universe:  American Indian and Alaska Native alone population 15 to 54 years,,2,438
ACSSF,B12007C,38,0.5, ,, ,Median age at first marriage --,,3,439
ACSSF,B12007C,38,1, ,, ,Male,,4,440
ACSSF,B12007C,38,2, ,, ,Female,,4,441
ACSSF,B12007D,38, ,165,2 CELLS, ,MEDIAN AGE AT FIRST MARRIAGE (ASIAN ALONE),Marital Status,1,442
ACSSF,B12007D,38, , ,, ,Universe:  Asian alone population 15 to 54 years,,2,443
ACSSF,B12007D,38,0.5, ,, ,Median age at first marriage --,,3,444
ACSSF,B12007D,38,1, ,, ,Male,,4,445
ACSSF,B12007D,38,2, ,, ,Female,,4,446
ACSSF,B12007E,38, ,167,2 CELLS, ,MEDIAN AGE AT FIRST MARRIAGE (NATIVE HAWAIIAN AND OTHER PACIFIC ISLANDER ALONE),Marital Status,1,447
ACSSF,B12007E,38, , ,, ,Universe:  Native Hawaiian and Other Pacific Islander alone population 15 to 54 years,,2,448
ACSSF,B12007E,38,0.5, ,, ,Median age at first marriage --,,3,449
ACSSF,B12007E,38,1, ,, ,Male,,4,450
ACSSF,B12007E,38,2, ,, ,Female,,4,451
ACSSF,B12007F,38, ,169,2 CELLS, ,MEDIAN AGE AT FIRST MARRIAGE (SOME OTHER RACE ALONE),Marital Status,1,452
ACSSF,B12007F,38, , ,, ,Universe:  Some other race alone population 15 to 54 years,,2,453
ACSSF,B12007F,38,0.5, ,, ,Median age at first marriage --,,3,454
ACSSF,B12007F,38,1, ,, ,Male,,4,455
ACSSF,B12007F,38,2, ,, ,Female,,4,456
ACSSF,B12007G,38, ,171,2 CELLS, ,MEDIAN AGE AT FIRST MARRIAGE (TWO OR MORE RACES),Marital Status,1,457
ACSSF,B12007G,38, , ,, ,Universe:  Two or more races population 15 to 54 years,,2,458
ACSSF,B12007G,38,0.5, ,, ,Median age at first marriage --,,3,459
ACSSF,B12007G,38,1, ,, ,Male,,4,460
ACSSF,B12007G,38,2, ,, ,Female,,4,461
ACSSF,B12007H,38, ,173,2 CELLS, ,"MEDIAN AGE AT FIRST MARRIAGE (WHITE ALONE, NOT HISPANIC OR LATINO)",Marital Status,1,462
ACSSF,B12007H,38, , ,, ,"Universe:  White alone, not Hispanic or Latino population 15 to 54 years",,2,463
ACSSF,B12007H,38,0.5, ,, ,Median age at first marriage --,,3,464
ACSSF,B12007H,38,1, ,, ,Male,,4,465
ACSSF,B12007H,38,2, ,, ,Female,,4,466
ACSSF,B12007I,38, ,175,2 CELLS, ,MEDIAN AGE AT FIRST MARRIAGE (HISPANIC OR LATINO),Marital Status,1,467
ACSSF,B12007I,38, , ,, ,Universe:  Hispanic or Latino population 15 to 54 years,,2,468
ACSSF,B12007I,38,0.5, ,, ,Median age at first marriage --,,3,469
ACSSF,B12007I,38,1, ,, ,Male,,4,470
ACSSF,B12007I,38,2, ,, ,Female,,4,471
ACSSF,B12501,38, ,177,11 CELLS, ,MARRIAGES IN THE LAST YEAR BY SEX BY MARITAL STATUS FOR THE POPULATION 15 YEARS AND OVER,Marital Status,1,472
ACSSF,B12501,38, , ,, ,Universe: Population 15 Years and over,,2,473
ACSSF,B12501,38,1, ,, ,Total:,,3,474
ACSSF,B12501,38,2, ,, ,Male:,,4,475
ACSSF,B12501,38,3, ,, ,Never married,,5,476
ACSSF,B12501,38,4, ,, ,Ever married:,,5,477
ACSSF,B12501,38,5, ,, ,Married last year,,6,478
ACSSF,B12501,38,6, ,, ,Not married last year,,6,479
ACSSF,B12501,38,7, ,, ,Female:,,4,480
ACSSF,B12501,38,8, ,, ,Never married,,5,481
ACSSF,B12501,38,9, ,, ,Ever married:,,5,482
ACSSF,B12501,38,10, ,, ,Married last year,,6,483
ACSSF,B12501,38,11, ,, ,Not married last year,,6,484
ACSSF,B12502,38, ,188,11 CELLS, ,MARRIAGES ENDING IN WIDOWHOOD IN THE LAST YEAR BY SEX BY MARITAL STATUS FOR THE POPULATION 15 YEARS AND OVER,Marital Status,1,485
ACSSF,B12502,38, , ,, ,Universe: Population 15 Years and over,,2,486
ACSSF,B12502,38,1, ,, ,Total:,,3,487
ACSSF,B12502,38,2, ,, ,Male:,,4,488
ACSSF,B12502,38,3, ,, ,Never married,,5,489
ACSSF,B12502,38,4, ,, ,Ever married:,,5,490
ACSSF,B12502,38,5, ,, ,Widowed last year,,6,491
ACSSF,B12502,38,6, ,, ,Not widowed last year,,6,492
ACSSF,B12502,38,7, ,, ,Female:,,4,493
ACSSF,B12502,38,8, ,, ,Never married,,5,494
ACSSF,B12502,38,9, ,, ,Ever married:,,5,495
ACSSF,B12502,38,10, ,, ,Widowed last year,,6,496
ACSSF,B12502,38,11, ,, ,Not widowed last year,,6,497
ACSSF,B12503,38, ,199,11 CELLS, ,DIVORCES IN THE LAST YEAR BY SEX BY MARITAL STATUS FOR THE POPULATION 15 YEARS AND OVER,Marital Status,1,498
ACSSF,B12503,38, , ,, ,Universe: Population 15 Years and over,,2,499
ACSSF,B12503,38,1, ,, ,Total:,,3,500
ACSSF,B12503,38,2, ,, ,Male:,,4,501
ACSSF,B12503,38,3, ,, ,Never married,,5,502
ACSSF,B12503,38,4, ,, ,Ever married:,,5,503
ACSSF,B12503,38,5, ,, ,Divorced last year,,6,504
ACSSF,B12503,38,6, ,, ,Not divorced last year,,6,505
ACSSF,B12503,38,7, ,, ,Female:,,4,506
ACSSF,B12503,38,8, ,, ,Never married,,5,507
ACSSF,B12503,38,9, ,, ,Ever married:,,5,508
ACSSF,B12503,38,10, ,, ,Divorced last year,,6,509
ACSSF,B12503,38,11, ,, ,Not divorced last year,,6,510
ACSSF,B12504,38, ,210,9 CELLS, ,MEDIAN DURATION OF CURRENT MARRIAGE IN YEARS BY SEX BY MARITAL STATUS FOR THE MARRIED POPULATION 15 YEARS AND OVER,Marital Status,1,511
ACSSF,B12504,38, , ,, ,Universe: Population 15 Years and Over Who Are Now Married or Separated,,2,512
ACSSF,B12504,38,1, ,, ,Total:,,3,513
ACSSF,B12504,38,2, ,, ,Male:,,4,514
ACSSF,B12504,38,3, ,, ,"Married, spouse present",,5,515
ACSSF,B12504,38,4, ,, ,"Married, spouse absent",,5,516
ACSSF,B12504,38,5, ,, ,Separated,,5,517
ACSSF,B12504,38,6, ,, ,Female:,,4,518
ACSSF,B12504,38,7, ,, ,"Married, spouse present",,5,519
ACSSF,B12504,38,8, ,, ,"Married, spouse absent",,5,520
ACSSF,B12504,38,9, ,, ,Separated,,5,521
ACSSF,B12505,38, ,219,13 CELLS,225,NUMBER OF TIMES MARRIED BY SEX BY MARITAL STATUS FOR THE POPULATION 15 YEARS AND OVER,Marital Status,1,522
ACSSF,B12505,38, , ,, ,Universe: Population 15 Years and Over,,2,523
ACSSF,B12505,38,1, ,, ,Total:,,3,524
ACSSF,B12505,38,2, ,, ,Male:,,4,525
ACSSF,B12505,38,3, ,, ,Never married,,5,526
ACSSF,B12505,38,4, ,, ,Ever married:,,5,527
ACSSF,B12505,38,5, ,, ,Once,,6,528
ACSSF,B12505,38,6, ,, ,Two times,,6,529
ACSSF,B12505,38,7, ,, ,Three or more times,,6,530
ACSSF,B12505,38,8, ,, ,Female:,,4,531
ACSSF,B12505,38,9, ,, ,Never married,,5,532
ACSSF,B12505,38,10, ,, ,Ever married:,,5,533
ACSSF,B12505,38,11, ,, ,Once,,6,534
ACSSF,B12505,38,12, ,, ,Two times,,6,535
ACSSF,B12505,38,13, ,, ,Three or more times,,6,536
ACSSF,B13001,39, ,7,9 CELLS, ,MARITAL STATUS BY AGE FOR WOMEN 15 TO 50 YEARS,Fertility,1,537
ACSSF,B13001,39, , ,, ,Universe:  Women 15 to 50 years,,2,538
ACSSF,B13001,39,1, ,, ,Total:,,3,539
ACSSF,B13001,39,2, ,, ,Now married (including spouse absent):,,4,540
ACSSF,B13001,39,3, ,, ,15 to 19 years,,5,541
ACSSF,B13001,39,4, ,, ,20 to 34 years,,5,542
ACSSF,B13001,39,5, ,, ,35 to 50 years,,5,543
ACSSF,B13001,39,6, ,, ,"Unmarried (never married, widowed, and divorced):",,4,544
ACSSF,B13001,39,7, ,, ,15 to 19 years,,5,545
ACSSF,B13001,39,8, ,, ,20 to 34 years,,5,546
ACSSF,B13001,39,9, ,, ,35 to 50 years,,5,547